<?xml version="1.0" encoding="utf-8"?>
<odoo>
	<data noupdate="0">
		<record model="ir.module.category" id="module_scan_serial_management">
			<field name="name">Scan Serial</field>
			<field name="description">User access level for Scanning Serial numbers</field>
			<field name="sequence">4</field>
		</record>
		
		<record id="group_serial_user" model="res.groups">
			<field name="name">User</field>
			<field name="category_id" ref="scan_import_serial.module_scan_serial_management"/>
			<field name="users" eval="[(4, ref('base.user_root'))]"/>
			<field name="implied_ids" eval="[(4, ref('base.group_user'))]"/>
		</record>

		<record id="group_serial_manager" model="res.groups">
			<field name="name">Manager</field>
			<field name="category_id" ref="scan_import_serial.module_scan_serial_management"/>
			<field name="implied_ids" eval="[(4, ref('scan_import_serial.group_serial_user'))]"/>
		</record>
	</data>
</odoo>
